"Zip Code","State","City","County","CBSA Code","Division Code","MSA Code"
"00501","NY","Holtsville","Suffolk","35620","35004","5380"
"00544","NY","Holtsville","Suffolk","35620","35004","5380"
"00601","PR","Adjuntas","Adjuntas","38660","0","0000"
"00602","PR","Aguada","Aguada","10380","0","0060"
"00603","PR","Aguadilla","Aguadilla","10380","0","0060"
"00604","PR","Aguadilla","Aguadilla","10380","0","0060"
"00605","PR","Aguadilla","Aguadilla","10380","0","0060"
"00606","PR","Maricao","Maricao","0","0","0000"
"00610","PR","Anasco","Anasco","10380","0","4840"
"00611","PR","Angeles","Utuado","10380","0","0000"
"00612","PR","Arecibo","Arecibo","11640","0","0470"
"00613","PR","Arecibo","Arecibo","11640","0","0470"
"00614","PR","Arecibo","Arecibo","11640","0","0470"
"00616","PR","Bajadero","Arecibo","11640","0","0470"
"00617","PR","Barceloneta","Barceloneta","41980","0","7440"
"00622","PR","Boqueron","Cabo Rojo","41900","0","4840"
"00623","PR","Cabo Rojo","Cabo Rojo","41900","0","4840"
"00624","PR","Penuelas","Penuelas","49500","0","6360"
"00627","PR","Camuy","Camuy","11640","0","0470"
"00631","PR","Castaner","Lares","10380","0","0000"
"00636","PR","Rosario","San German","41900","0","4840"
"00637","PR","Sabana Grande","Sabana Grande","41900","0","4840"
"00638","PR","Ciales","Ciales","41980","0","0000"
"00641","PR","Utuado","Utuado","10380","0","0000"
"00646","PR","Dorado","Dorado","41980","0","7440"
"00647","PR","Ensenada","Guanica","49500","0","0000"
"00650","PR","Florida","Florida","41980","0","7440"
"00652","PR","Garrochales","Arecibo","11640","0","0470"
"00653","PR","Guanica","Guanica","49500","0","0000"
"00656","PR","Guayanilla","Guayanilla","49500","0","6360"
"00659","PR","Hatillo","Hatillo","11640","0","0470"
"00660","PR","Hormigueros","Hormigueros","32420","0","4840"
"00662","PR","Isabela","Isabela","10380","0","0000"
"00664","PR","Jayuya","Jayuya","27580","0","0000"
"00667","PR","Lajas","Lajas","41900","0","0000"
"00669","PR","Lares","Lares","10380","0","0000"
"00670","PR","Las Marias","Las Marias","32420","0","0000"
"00674","PR","Manati","Manati","41980","0","7440"
"00676","PR","Moca","Moca","10380","0","0060"
"00677","PR","Rincon","Rincon","10380","0","0000"
"00678","PR","Quebradillas","Quebradillas","11640","0","0000"
"00680","PR","Mayaguez","Mayaguez","32420","0","4840"
"00681","PR","Mayaguez","Mayaguez","32420","0","4840"
"00682","PR","Mayaguez","Mayaguez","32420","0","4840"
"00683","PR","San German","San German","41900","0","4840"
"00685","PR","San Sebastian","San Sebastian","10380","0","0000"
"00687","PR","Morovis","Morovis","41980","0","7440"
"00688","PR","Sabana Hoyos","Arecibo","11640","0","0470"
"00690","PR","San Antonio","Aguadilla","10380","0","0060"
"00692","PR","Vega Alta","Vega Alta","41980","0","7440"
"00693","PR","Vega Baja","Vega Baja","41980","0","7440"
"00694","PR","Vega Baja","Vega Baja","41980","0","7440"
"00698","PR","Yauco","Yauco","49500","0","6360"
"00703","PR","Aguas Buenas","Aguas Buenas","41980","0","7440"
"00704","PR","Aguirre","Salinas","17640","0","0000"
"00705","PR","Aibonito","Aibonito","41980","0","0000"
"00707","PR","Maunabo","Maunabo","41980","0","0000"
"00714","PR","Arroyo","Arroyo","25020","0","0000"
"00715","PR","Mercedita","Ponce","38660","0","6360"
"00716","PR","Ponce","Ponce","38660","0","6360"
"00717","PR","Ponce","Ponce","38660","0","6360"
"00718","PR","Naguabo","Naguabo","41980","0","7440"
"00719","PR","Naranjito","Naranjito","41980","0","7440"
"00720","PR","Orocovis","Orocovis","41980","0","0000"
"00721","PR","Palmer","Rio Grande","41980","0","7440"
"00723","PR","Patillas","Patillas","25020","0","0000"
"00725","PR","Caguas","Caguas","41980","0","1310"
"00726","PR","Caguas","Caguas","41980","0","1310"
"00727","PR","Caguas","Caguas","41980","0","1310"
"00728","PR","Ponce","Ponce","38660","0","6360"
"00729","PR","Canovanas","Canovanas","41980","0","7440"
"00730","PR","Ponce","Ponce","38660","0","6360"
"00731","PR","Ponce","Ponce","38660","0","6360"
"00732","PR","Ponce","Ponce","38660","0","6360"
"00733","PR","Ponce","Ponce","38660","0","6360"
"00734","PR","Ponce","Ponce","38660","0","6360"
"00735","PR","Ceiba","Ceiba","41980","0","7440"
"00736","PR","Cayey","Cayey","41980","0","1310"
"00737","PR","Cayey","Cayey","41980","0","1310"
"00738","PR","Fajardo","Fajardo","41980","0","7440"
"00739","PR","Cidra","Cidra","41980","0","1310"
"00740","PR","Puerto Real","Fajardo","41980","0","7440"
"00741","PR","Punta Santiago","Humacao","41980","0","7440"
"00742","PR","Roosevelt Roads","Ceiba","41980","0","7440"
"00744","PR","Rio Blanco","Naguabo","41980","0","7440"
"00745","PR","Rio Grande","Rio Grande","41980","0","7440"
"00751","PR","Salinas","Salinas","17640","0","0000"
"00754","PR","San Lorenzo","San Lorenzo","41980","0","1310"
"00757","PR","Santa Isabel","Santa Isabel","42180","0","0000"
"00765","PR","Vieques","Vieques","0","0","0000"
"00766","PR","Villalba","Villalba","38660","0","6360"
"00767","PR","Yabucoa","Yabucoa","41980","0","7440"
"00769","PR","Coamo","Coamo","17620","0","0000"
"00771","PR","Las Piedras","Las Piedras","41980","0","7440"
"00772","PR","Loiza","Loiza","41980","0","7440"
"00773","PR","Luquillo","Luquillo","41980","0","7440"
"00775","PR","Culebra","Culebra","0","0","0000"
"00777","PR","Juncos","Juncos","41980","0","7440"
"00778","PR","Gurabo","Gurabo","41980","0","1310"
"00780","PR","Coto Laurel","Ponce","38660","0","6360"
"00782","PR","Comerio","Comerio","41980","0","7440"
"00783","PR","Corozal","Corozal","41980","0","7440"
"00784","PR","Guayama","Guayama","25020","0","0000"
"00785","PR","Guayama","Guayanilla","49500","0","0000"
"00786","PR","La Plata","Aibonito","41980","0","0000"
"00791","PR","Humacao","Humacao","41980","0","7440"
"00792","PR","Humacao","Humacao","41980","0","7440"
"00794","PR","Barranquitas","Barranquitas","41980","0","0000"
"00795","PR","Juana Diaz","Juana Diaz","38660","0","6360"
"00901","PR","San Juan","San Juan","41980","0","7440"
"00902","PR","San Juan","San Juan","41980","0","7440"
"00906","PR","San Juan","San Juan","41980","0","7440"
"00907","PR","San Juan","San Juan","41980","0","7440"
"00908","PR","San Juan","San Juan","41980","0","7440"
"00909","PR","San Juan","San Juan","41980","0","7440"
"00910","PR","San Juan","San Juan","41980","0","7440"
"00911","PR","San Juan","San Juan","41980","0","7440"
"00912","PR","San Juan","San Juan","41980","0","7440"
"00913","PR","San Juan","San Juan","41980","0","7440"
"00914","PR","San Juan","San Juan","41980","0","7440"
"00915","PR","San Juan","San Juan","41980","0","7440"
"00916","PR","San Juan","San Juan","41980","0","7440"
"00917","PR","San Juan","San Juan","41980","0","7440"
"00918","PR","San Juan","San Juan","41980","0","7440"
"00919","PR","San Juan","San Juan","41980","0","7440"
"00920","PR","San Juan","San Juan","41980","0","7440"
"00921","PR","San Juan","San Juan","41980","0","7440"
"00922","PR","San Juan","San Juan","41980","0","7440"
"00923","PR","San Juan","San Juan","41980","0","7440"
"00924","PR","San Juan","San Juan","41980","0","7440"
"00925","PR","San Juan","San Juan","41980","0","7440"
"00926","PR","San Juan","San Juan","41980","0","7440"
"00927","PR","San Juan","San Juan","41980","0","7440"
"00928","PR","San Juan","San Juan","41980","0","7440"
"00929","PR","San Juan","San Juan","41980","0","7440"
"00930","PR","San Juan","San Juan","41980","0","7440"
"00931","PR","San Juan","San Juan","41980","0","7440"
"00933","PR","San Juan","San Juan","41980","0","7440"
"00934","PR","Fort Buchanan","Bayamon","41980","0","7440"
"00935","PR","San Juan","San Juan","41980","0","7440"
"00936","PR","San Juan","San Juan","41980","0","7440"
"00937","PR","San Juan","San Juan","41980","0","7440"
"00939","PR","San Juan","San Juan","41980","0","7440"
"00940","PR","San Juan","San Juan","41980","0","7440"
"00949","PR","Toa Baja","Toa Baja","41980","0","7440"
"00950","PR","Toa Baja","Toa Baja","41980","0","7440"
"00951","PR","Toa Baja","Toa Baja","41980","0","7440"
"00952","PR","Sabana Seca","Toa Baja","41980","0","7440"
"00953","PR","Toa Alta","Toa Alta","41980","0","7440"
"00954","PR","Toa Alta","Toa Alta","41980","0","7440"
"00955","PR","San Juan","San Juan","41980","0","7440"
"00956","PR","Bayamon","Bayamon","41980","0","7440"
"00957","PR","Bayamon","Bayamon","41980","0","7440"
"00958","PR","Bayamon","Bayamon","41980","0","7440"
"00959","PR","Bayamon","Bayamon","41980","0","7440"
"00960","PR","Bayamon","Bayamon","41980","0","7440"
"00961","PR","Bayamon","Bayamon","41980","0","7440"
"00962","PR","Catano","Catano","41980","0","7440"
"00963","PR","Catano","Catano","41980","0","7440"
"00965","PR","Guaynabo","Guaynabo","41980","0","7440"
"00966","PR","Guaynabo","Guaynabo","41980","0","7440"
"00968","PR","Guaynabo","Guaynabo","41980","0","7440"
"00969","PR","Guaynabo","Guaynabo","41980","0","7440"
"00970","PR","Guaynabo","Guaynabo","41980","0","7440"
"00971","PR","Guaynabo","Guaynabo","41980","0","7440"
"00975","PR","San Juan","San Juan","41980","0","7440"
"00976","PR","Trujillo Alto","Trujillo Alto","41980","0","7440"
"00977","PR","Trujillo Alto","Trujillo Alto","41980","0","7440"
"00978","PR","Saint Just","Trujillo Alto","41980","0","7440"
"00979","PR","Carolina","Carolina","41980","0","7440"
"00981","PR","Carolina","Carolina","41980","0","7440"
"00982","PR","Carolina","Carolina","41980","0","7440"
"00983","PR","Carolina","Carolina","41980","0","7440"
"00984","PR","Carolina","Carolina","41980","0","7440"
"00985","PR","Carolina","Carolina","41980","0","7440"
"00986","PR","Carolina","Carolina","41980","0","7440"
"00987","PR","Carolina","Carolina","41980","0","7440"
"00988","PR","Carolina","Carolina","41980","0","7440"
"01001","MA","Agawam","Hampden","44140","0","8000"
"01002","MA","Amherst","Hampshire","44140","0","8000"
"01003","MA","Amherst","Hampshire","44140","0","8000"
"01004","MA","Amherst","Hampshire","44140","0","8000"
"01005","MA","Barre","Worcester","49340","0","9240"
"01007","MA","Belchertown","Hampshire","44140","0","8000"
"01008","MA","Blandford","Hampden","44140","0","8000"
"01009","MA","Bondsville","Hampden","44140","0","8000"
"01010","MA","Brimfield","Hampden","44140","0","9240"
"01011","MA","Chester","Hampden","44140","0","8000"
"01012","MA","Chesterfield","Hampshire","44140","0","8000"
"01013","MA","Chicopee","Hampden","44140","0","8000"
"01014","MA","Chicopee","Hampden","44140","0","8000"
"01020","MA","Chicopee","Hampden","44140","0","8000"
"01021","MA","Chicopee","Hampden","44140","0","8000"
"01022","MA","Chicopee","Hampden","44140","0","8000"
"01026","MA","Cummington","Hampshire","44140","0","8000"
"01027","MA","Easthampton","Hampshire","44140","0","8000"
"01028","MA","East Longmeadow","Hampden","44140","0","8000"
"01029","MA","East Otis","Berkshire","38340","0","0000"
"01030","MA","Feeding Hills","Hampden","44140","0","8000"
"01031","MA","Gilbertville","Worcester","49340","0","0000"
"01032","MA","Goshen","Hampshire","44140","0","8000"
"01033","MA","Granby","Hampshire","44140","0","8000"
"01034","MA","Granville","Hampden","44140","0","8000"
"01035","MA","Hadley","Hampshire","44140","0","8000"
"01036","MA","Hampden","Hampden","44140","0","8000"
"01037","MA","Hardwick","Worcester","49340","0","0000"
"01038","MA","Hatfield","Hampshire","44140","0","8000"
"01039","MA","Haydenville","Hampshire","44140","0","8000"
"01040","MA","Holyoke","Hampden","44140","0","8000"
"01041","MA","Holyoke","Hampden","44140","0","8000"
"01050","MA","Huntington","Hampshire","44140","0","8000"
"01053","MA","Leeds","Hampshire","44140","0","8000"
"01054","MA","Leverett","Franklin","44140","0","8000"
"01056","MA","Ludlow","Hampden","44140","0","8000"
"01057","MA","Monson","Hampden","44140","0","8000"
"01059","MA","North Amherst","Hampshire","44140","0","8000"
"01060","MA","Northampton","Hampshire","44140","0","8000"
"01061","MA","Northampton","Hampshire","44140","0","8000"
"01062","MA","Florence","Hampshire","44140","0","8000"
"01063","MA","Northampton","Hampshire","44140","0","8000"
"01066","MA","North Hatfield","Hampshire","44140","0","8000"
"01068","MA","Oakham","Worcester","49340","0","9240"
"01069","MA","Palmer","Hampden","44140","0","8000"
"01070","MA","Plainfield","Hampshire","44140","0","8000"
"01071","MA","Russell","Hampden","44140","0","8000"
"01072","MA","Shutesbury","Franklin","44140","0","8000"
"01073","MA","Southampton","Hampshire","44140","0","8000"
"01074","MA","South Barre","Worcester","49340","0","9240"
"01075","MA","South Hadley","Hampshire","44140","0","8000"
"01077","MA","Southwick","Hampden","44140","0","8000"
"01079","MA","Thorndike","Hampden","44140","0","8000"
"01080","MA","Three Rivers","Hampden","44140","0","8000"
"01081","MA","Wales","Hampden","44140","0","9240"
"01082","MA","Ware","Hampshire","44140","0","8000"
"01083","MA","Warren","Worcester","49340","0","0000"
"01084","MA","West Chesterfield","Hampshire","44140","0","0000"
"01085","MA","Westfield","Hampden","44140","0","8000"
"01086","MA","Westfield","Hampden","44140","0","8000"
"01088","MA","West Hatfield","Hampshire","44140","0","8000"
"01089","MA","West Springfield","Hampden","44140","0","8000"
"01090","MA","West Springfield","Hampden","44140","0","8000"
"01092","MA","West Warren","Worcester","49340","0","0000"
"01093","MA","Whately","Franklin","44140","0","0000"
"01094","MA","Wheelwright","Worcester","49340","0","0000"
"01095","MA","Wilbraham","Hampden","44140","0","8000"
"01096","MA","Williamsburg","Hampshire","44140","0","8000"
"01097","MA","Woronoco","Hampden","44140","0","8000"
"01098","MA","Worthington","Hampshire","44140","0","8000"
"01101","MA","Springfield","Hampden","44140","0","8000"
"01102","MA","Springfield","Hampden","44140","0","8000"
"01103","MA","Springfield","Hampden","44140","0","8000"
"01104","MA","Springfield","Hampden","44140","0","8000"
"01105","MA","Springfield","Hampden","44140","0","8000"
"01106","MA","Longmeadow","Hampden","44140","0","8000"
"01107","MA","Springfield","Hampden","44140","0","8000"
"01108","MA","Springfield","Hampden","44140","0","8000"
"01109","MA","Springfield","Hampden","44140","0","8000"
"01111","MA","Springfield","Hampden","44140","0","8000"
"01115","MA","Springfield","Hampden","44140","0","8000"
"01116","MA","Longmeadow","Hampden","44140","0","8000"
"01118","MA","Springfield","Hampden","44140","0","8000"
"01119","MA","Springfield","Hampden","44140","0","8000"
"01128","MA","Springfield","Hampden","44140","0","8000"
"01129","MA","Springfield","Hampden","44140","0","8000"
"01138","MA","Springfield","Hampden","44140","0","8000"
"01139","MA","Springfield","Hampden","44140","0","8000"
"01144","MA","Springfield","Hampden","44140","0","8000"
"01151","MA","Indian Orchard","Hampden","44140","0","8000"
"01152","MA","Springfield","Hampden","44140","0","8000"
"01199","MA","Springfield","Hampden","44140","0","8000"
"01201","MA","Pittsfield","Berkshire","38340","0","6320"
"01202","MA","Pittsfield","Berkshire","38340","0","6320"
"01203","MA","Pittsfield","Berkshire","38340","0","6320"
"01220","MA","Adams","Berkshire","38340","0","6320"
"01222","MA","Ashley Falls","Berkshire","38340","0","6320"
"01223","MA","Becket","Berkshire","38340","0","6320"
"01224","MA","Berkshire","Berkshire","38340","0","6320"
"01225","MA","Cheshire","Berkshire","38340","0","6320"
"01226","MA","Dalton","Berkshire","38340","0","6320"
"01227","MA","Dalton","Berkshire","38340","0","6320"
"01229","MA","Glendale","Berkshire","38340","0","6320"
"01230","MA","Great Barrington","Berkshire","38340","0","6320"
"01235","MA","Hinsdale","Berkshire","38340","0","6320"
"01236","MA","Housatonic","Berkshire","38340","0","6320"
"01237","MA","Lanesborough","Berkshire","38340","0","6320"
"01238","MA","Lee","Berkshire","38340","0","6320"
"01240","MA","Lenox","Berkshire","38340","0","6320"
"01242","MA","Lenox Dale","Berkshire","38340","0","6320"
"01243","MA","Middlefield","Hampshire","44140","0","0000"
"01244","MA","Mill River","Berkshire","38340","0","0000"
"01245","MA","Monterey","Berkshire","38340","0","6320"
"01247","MA","North Adams","Berkshire","38340","0","6320"
"01252","MA","North Egremont","Berkshire","38340","0","0000"
"01253","MA","Otis","Berkshire","38340","0","6320"
"01254","MA","Richmond","Berkshire","38340","0","6320"
"01255","MA","Sandisfield","Berkshire","38340","0","6320"
"01256","MA","Savoy","Berkshire","38340","0","6320"
"01257","MA","Sheffield","Berkshire","38340","0","6320"
"01258","MA","South Egremont","Berkshire","38340","0","6320"
"01259","MA","Southfield","Berkshire","38340","0","0000"
"01260","MA","South Lee","Berkshire","38340","0","6320"
"01262","MA","Stockbridge","Berkshire","38340","0","6320"
"01263","MA","Stockbridge","Berkshire","38340","0","6320"
"01264","MA","Tyringham","Berkshire","38340","0","6320"
"01266","MA","West Stockbridge","Berkshire","38340","0","6320"
"01267","MA","Williamstown","Berkshire","38340","0","6320"
"01270","MA","Windsor","Berkshire","38340","0","6320"
"01301","MA","Greenfield","Franklin","44140","0","8000"
"01302","MA","Greenfield","Franklin","44140","0","8000"
"01330","MA","Ashfield","Franklin","44140","0","8000"
"01331","MA","Athol","Worcester","49340","0","0000"
"01337","MA","Bernardston","Franklin","44140","0","8000"
"01338","MA","Buckland","Franklin","44140","0","8000"
"01339","MA","Charlemont","Franklin","44140","0","8000"
"01340","MA","Colrain","Franklin","44140","0","8000"
"01341","MA","Conway","Franklin","44140","0","8000"
"01342","MA","Deerfield","Franklin","44140","0","8000"
"01343","MA","Drury","Berkshire","38340","0","0000"
"01344","MA","Erving","Franklin","44140","0","8000"
"01346","MA","Heath","Franklin","44140","0","8000"
"01347","MA","Lake Pleasant","Franklin","44140","0","0000"
"01349","MA","Millers Falls","Franklin","44140","0","8000"
"01350","MA","Monroe Bridge","Franklin","44140","0","0000"
"01351","MA","Montague","Franklin","44140","0","8000"
"01354","MA","Gill","Franklin","44140","0","8000"
"01355","MA","New Salem","Franklin","44140","0","8000"
"01360","MA","Northfield","Franklin","44140","0","8000"
"01364","MA","Orange","Franklin","44140","0","8000"
"01366","MA","Petersham","Worcester","49340","0","0000"
"01367","MA","Rowe","Franklin","44140","0","8000"
"01368","MA","Royalston","Worcester","49340","0","0000"
"01370","MA","Shelburne Falls","Franklin","44140","0","8000"
"01373","MA","South Deerfield","Franklin","44140","0","8000"
"01375","MA","Sunderland","Franklin","44140","0","8000"
"01376","MA","Turners Falls","Franklin","44140","0","8000"
"01378","MA","Warwick","Franklin","44140","0","8000"
"01379","MA","Wendell","Franklin","44140","0","8000"
"01380","MA","Wendell Depot","Franklin","44140","0","0000"
"01420","MA","Fitchburg","Worcester","49340","0","2600"
"01430","MA","Ashburnham","Worcester","49340","0","2600"
"01431","MA","Ashby","Middlesex","14460","15764","1120"
"01432","MA","Ayer","Middlesex","14460","15764","1120"
"01434","MA","Devens","Worcester","49340","0","1120"
"01436","MA","Baldwinville","Worcester","49340","0","2600"
"01438","MA","East Templeton","Worcester","49340","0","2600"
"01440","MA","Gardner","Worcester","49340","0","2600"
"01441","MA","Westminster","Worcester","49340","0","2600"
"01450","MA","Groton","Middlesex","14460","15764","4560"
"01451","MA","Harvard","Worcester","49340","0","1120"
"01452","MA","Hubbardston","Worcester","49340","0","0000"
"01453","MA","Leominster","Worcester","49340","0","2600"
"01460","MA","Littleton","Middlesex","14460","15764","1120"
"01462","MA","Lunenburg","Worcester","49340","0","2600"
"01463","MA","Pepperell","Middlesex","14460","15764","4560"
"01464","MA","Shirley","Middlesex","14460","15764","1120"
"01467","MA","Still River","Worcester","49340","0","1120"
"01468","MA","Templeton","Worcester","49340","0","2600"
"01469","MA","Townsend","Middlesex","14460","15764","1120"
"01470","MA","Groton","Middlesex","14460","15764","4560"
"01471","MA","Groton","Middlesex","14460","15764","4560"
"01472","MA","West Groton","Middlesex","14460","15764","4560"
"01473","MA","Westminster","Worcester","49340","0","2600"
"01474","MA","West Townsend","Middlesex","14460","15764","1120"
"01475","MA","Winchendon","Worcester","49340","0","2600"
"01501","MA","Auburn","Worcester","49340","0","9240"
"01503","MA","Berlin","Worcester","49340","0","1120"
"01504","MA","Blackstone","Worcester","49340","0","1120"
"01505","MA","Boylston","Worcester","49340","0","9240"
"01506","MA","Brookfield","Worcester","49340","0","9240"
"01507","MA","Charlton","Worcester","49340","0","9240"
"01508","MA","Charlton City","Worcester","49340","0","9240"
"01509","MA","Charlton Depot","Worcester","49340","0","9240"
"01510","MA","Clinton","Worcester","49340","0","9240"
"01515","MA","East Brookfield","Worcester","49340","0","9240"
"01516","MA","Douglas","Worcester","49340","0","9240"
"01518","MA","Fiskdale","Worcester","49340","0","9240"
"01519","MA","Grafton","Worcester","49340","0","9240"
"01520","MA","Holden","Worcester","49340","0","9240"
"01521","MA","Holland","Hampden","44140","0","9240"
"01522","MA","Jefferson","Worcester","49340","0","9240"
"01523","MA","Lancaster","Worcester","49340","0","1120"
"01524","MA","Leicester","Worcester","49340","0","9240"
"01525","MA","Linwood","Worcester","49340","0","9240"
"01526","MA","Manchaug","Worcester","49340","0","9240"
"01527","MA","Millbury","Worcester","49340","0","9240"
"01529","MA","Millville","Worcester","49340","0","1120"
"01531","MA","New Braintree","Worcester","49340","0","0000"
"01532","MA","Northborough","Worcester","49340","0","9240"
"01534","MA","Northbridge","Worcester","49340","0","9240"
"01535","MA","North Brookfield","Worcester","49340","0","9240"
"01536","MA","North Grafton","Worcester","49340","0","9240"
"01537","MA","North Oxford","Worcester","49340","0","9240"
"01538","MA","North Uxbridge","Worcester","49340","0","9240"
"01540","MA","Oxford","Worcester","49340","0","9240"
"01541","MA","Princeton","Worcester","49340","0","9240"
"01542","MA","Rochdale","Worcester","49340","0","9240"
"01543","MA","Rutland","Worcester","49340","0","9240"
"01545","MA","Shrewsbury","Worcester","49340","0","9240"
"01546","MA","Shrewsbury","Worcester","49340","0","9240"
"01550","MA","Southbridge","Worcester","49340","0","9240"
"01560","MA","South Grafton","Worcester","49340","0","9240"
"01561","MA","South Lancaster","Worcester","49340","0","1120"
"01562","MA","Spencer","Worcester","49340","0","9240"
"01564","MA","Sterling","Worcester","49340","0","9240"
"01566","MA","Sturbridge","Worcester","49340","0","9240"
"01568","MA","Upton","Worcester","49340","0","1120"
"01569","MA","Uxbridge","Worcester","49340","0","9240"
"01570","MA","Webster","Worcester","49340","0","9240"
"01571","MA","Dudley","Worcester","49340","0","9240"
"01581","MA","Westborough","Worcester","49340","0","9240"
"01583","MA","West Boylston","Worcester","49340","0","9240"
"01585","MA","West Brookfield","Worcester","49340","0","9240"
"01586","MA","West Millbury","Worcester","49340","0","9240"
"01588","MA","Whitinsville","Worcester","49340","0","9240"
"01590","MA","Sutton","Worcester","49340","0","9240"
"01601","MA","Worcester","Worcester","49340","0","9240"
"01602","MA","Worcester","Worcester","49340","0","9240"
"01603","MA","Worcester","Worcester","49340","0","9240"
"01604","MA","Worcester","Worcester","49340","0","9240"
"01605","MA","Worcester","Worcester","49340","0","9240"
"01606","MA","Worcester","Worcester","49340","0","9240"
"01607","MA","Worcester","Worcester","49340","0","9240"
"01608","MA","Worcester","Worcester","49340","0","9240"
"01609","MA","Worcester","Worcester","49340","0","9240"
"01610","MA","Worcester","Worcester","49340","0","9240"
"01611","MA","Cherry Valley","Worcester","49340","0","9240"
"01612","MA","Paxton","Worcester","49340","0","9240"
"01613","MA","Worcester","Worcester","49340","0","9240"
"01614","MA","Worcester","Worcester","49340","0","9240"
"01615","MA","Worcester","Worcester","49340","0","9240"
"01653","MA","Worcester","Worcester","49340","0","9240"
"01655","MA","Worcester","Worcester","49340","0","9240"
"01701","MA","Framingham","Middlesex","14460","15764","1120"
"01702","MA","Framingham","Middlesex","14460","15764","1120"
"01703","MA","Framingham","Middlesex","14460","15764","1120"
"01704","MA","Framingham","Middlesex","14460","15764","1120"
"01705","MA","Framingham","Middlesex","14460","15764","1120"
"01718","MA","Acton","Middlesex","14460","15764","1120"
"01719","MA","Boxborough","Middlesex","14460","15764","1120"
"01720","MA","Acton","Middlesex","14460","15764","1120"
"01721","MA","Ashland","Middlesex","14460","15764","1120"
"01730","MA","Bedford","Middlesex","14460","15764","1120"
"01731","MA","Hanscom AFB","Middlesex","14460","15764","1120"
"01740","MA","Bolton","Worcester","49340","0","1120"
"01741","MA","Carlisle","Middlesex","14460","15764","1120"
"01742","MA","Concord","Middlesex","14460","15764","1120"
"01745","MA","Fayville","Worcester","49340","0","1120"
"01746","MA","Holliston","Middlesex","14460","15764","1120"
"01747","MA","Hopedale","Worcester","49340","0","1120"
"01748","MA","Hopkinton","Middlesex","14460","15764","1120"
"01749","MA","Hudson","Middlesex","14460","15764","1120"
"01752","MA","Marlborough","Middlesex","14460","15764","1120"
"01754","MA","Maynard","Middlesex","14460","15764","1120"
"01756","MA","Mendon","Worcester","49340","0","1120"
"01757","MA","Milford","Worcester","49340","0","1120"
"01760","MA","Natick","Middlesex","14460","15764","1120"
"01770","MA","Sherborn","Middlesex","14460","15764","1120"
"01772","MA","Southborough","Worcester","49340","0","1120"
"01773","MA","Lincoln","Middlesex","14460","15764","1120"
"01775","MA","Stow","Middlesex","14460","15764","1120"
"01776","MA","Sudbury","Middlesex","14460","15764","1120"
"01778","MA","Wayland","Middlesex","14460","15764","1120"
"01784","MA","Woodville","Middlesex","14460","15764","1120"
"01801","MA","Woburn","Middlesex","14460","15764","1120"
"01803","MA","Burlington","Middlesex","14460","15764","1120"
"01805","MA","Burlington","Middlesex","14460","15764","1120"
"01810","MA","Andover","Essex","14460","15764","4160"
"01812","MA","Andover","Essex","14460","15764","4160"
"01813","MA","Woburn","Middlesex","14460","15764","1120"
"01815","MA","Woburn","Middlesex","14460","15764","1120"
"01821","MA","Billerica","Middlesex","14460","15764","4560"
"01822","MA","Billerica","Middlesex","14460","15764","4560"
"01824","MA","Chelmsford","Middlesex","14460","15764","4560"
"01826","MA","Dracut","Middlesex","14460","15764","4560"
"01827","MA","Dunstable","Middlesex","14460","15764","4560"
"01830","MA","Haverhill","Essex","14460","15764","4160"
"01831","MA","Haverhill","Essex","14460","15764","4160"
"01832","MA","Haverhill","Essex","14460","15764","4160"
"01833","MA","Georgetown","Essex","14460","15764","4160"
"01834","MA","Groveland","Essex","14460","15764","4160"
"01835","MA","Haverhill","Essex","14460","15764","4160"
"01840","MA","Lawrence","Essex","14460","15764","4160"
"01841","MA","Lawrence","Essex","14460","15764","4160"
"01842","MA","Lawrence","Essex","14460","15764","4160"
"01843","MA","Lawrence","Essex","14460","15764","4160"
"01844","MA","Methuen","Essex","14460","15764","4160"
"01845","MA","North Andover","Essex","14460","15764","4160"
"01850","MA","Lowell","Middlesex","14460","15764","4560"
"01851","MA","Lowell","Middlesex","14460","15764","4560"
"01852","MA","Lowell","Middlesex","14460","15764","4560"
"01853","MA","Lowell","Middlesex","14460","15764","4560"
"01854","MA","Lowell","Middlesex","14460","15764","4560"
"01860","MA","Merrimac","Essex","14460","15764","4160"
"01862","MA","North Billerica","Middlesex","14460","15764","4560"
"01863","MA","North Chelmsford","Middlesex","14460","15764","4560"
"01864","MA","North Reading","Middlesex","14460","15764","1120"
"01865","MA","Nutting Lake","Middlesex","14460","15764","4560"
"01866","MA","Pinehurst","Middlesex","14460","15764","4560"
"01867","MA","Reading","Middlesex","14460","15764","1120"
"01876","MA","Tewksbury","Middlesex","14460","15764","4560"
"01879","MA","Tyngsborough","Middlesex","14460","15764","4560"
"01880","MA","Wakefield","Middlesex","14460","15764","1120"
"01885","MA","West Boxford","Essex","14460","15764","4160"
"01886","MA","Westford","Middlesex","14460","15764","4560"
"01887","MA","Wilmington","Middlesex","14460","15764","1120"
"01888","MA","Woburn","Middlesex","14460","15764","1120"
"01889","MA","North Reading","Middlesex","14460","15764","1120"
"01890","MA","Winchester","Middlesex","14460","15764","1120"
"01899","MA","Andover","Essex","14460","15764","4160"
"01901","MA","Lynn","Essex","14460","15764","1120"
"01902","MA","Lynn","Essex","14460","15764","1120"
"01903","MA","Lynn","Essex","14460","15764","1120"
"01904","MA","Lynn","Essex","14460","15764","1120"
"01905","MA","Lynn","Essex","14460","15764","1120"
"01906","MA","Saugus","Essex","14460","15764","1120"
"01907","MA","Swampscott","Essex","14460","15764","1120"
"01908","MA","Nahant","Essex","14460","15764","1120"
"01910","MA","Lynn","Essex","14460","15764","1120"
"01913","MA","Amesbury","Essex","14460","15764","1120"
"01915","MA","Beverly","Essex","14460","15764","1120"
"01921","MA","Boxford","Essex","14460","15764","4160"
"01922","MA","Byfield","Essex","14460","15764","1120"
"01923","MA","Danvers","Essex","14460","15764","1120"
"01929","MA","Essex","Essex","14460","15764","1120"
"01930","MA","Gloucester","Essex","14460","15764","1120"
"01931","MA","Gloucester","Essex","14460","15764","1120"
"01936","MA","Hamilton","Essex","14460","15764","1120"
"01937","MA","Hathorne","Essex","14460","15764","1120"
"01938","MA","Ipswich","Essex","14460","15764","1120"
"01940","MA","Lynnfield","Essex","14460","15764","1120"
"01944","MA","Manchester","Essex","14460","15764","1120"
"01945","MA","Marblehead","Essex","14460","15764","1120"
"01949","MA","Middleton","Essex","14460","15764","1120"
"01950","MA","Newburyport","Essex","14460","15764","1120"
"01951","MA","Newbury","Essex","14460","15764","1120"
"01952","MA","Salisbury","Essex","14460","15764","1120"
"01960","MA","Peabody","Essex","14460","15764","1120"
"01961","MA","Peabody","Essex","14460","15764","1120"
"01965","MA","Prides Crossing","Essex","14460","15764","1120"
"01966","MA","Rockport","Essex","14460","15764","1120"
"01969","MA","Rowley","Essex","14460","15764","1120"
"01970","MA","Salem","Essex","14460","15764","1120"
"01971","MA","Salem","Essex","14460","15764","1120"
"01982","MA","South Hamilton","Essex","14460","15764","1120"
"01983","MA","Topsfield","Essex","14460","15764","1120"
"01984","MA","Wenham","Essex","14460","15764","1120"
"01985","MA","West Newbury","Essex","14460","15764","4160"
"02018","MA","Accord","Plymouth","14460","14454","1120"
"02019","MA","Bellingham","Norfolk","14460","14454","1120"
"02020","MA","Brant Rock","Plymouth","14460","14454","1120"
"02021","MA","Canton","Norfolk","14460","14454","1120"
"02025","MA","Cohasset","Norfolk","14460","14454","1120"
"02026","MA","Dedham","Norfolk","14460","14454","1120"
"02027","MA","Dedham","Norfolk","14460","14454","1120"
"02030","MA","Dover","Norfolk","14460","14454","1120"
"02032","MA","East Walpole","Norfolk","14460","14454","1120"
"02035","MA","Foxboro","Norfolk","14460","14454","1120"
"02038","MA","Franklin","Norfolk","14460","14454","1120"
"02040","MA","Greenbush","Plymouth","14460","14454","1120"
"02041","MA","Green Harbor","Plymouth","14460","14454","1120"
"02043","MA","Hingham","Plymouth","14460","14454","1120"
"02044","MA","Hingham","Plymouth","14460","14454","1120"
"02045","MA","Hull","Plymouth","14460","14454","1120"
"02047","MA","Humarock","Plymouth","14460","14454","1120"
"02048","MA","Mansfield","Bristol","39300","0","1120"
"02050","MA","Marshfield","Plymouth","14460","14454","1120"
"02051","MA","Marshfield Hills","Plymouth","14460","14454","1120"
"02052","MA","Medfield","Norfolk","14460","14454","1120"
"02053","MA","Medway","Norfolk","14460","14454","1120"
"02054","MA","Millis","Norfolk","14460","14454","1120"
"02055","MA","Minot","Plymouth","14460","14454","1120"
"02056","MA","Norfolk","Norfolk","14460","14454","1120"
"02059","MA","North Marshfield","Plymouth","14460","14454","1120"
"02060","MA","North Scituate","Plymouth","14460","14454","1120"
"02061","MA","Norwell","Plymouth","14460","14454","1120"
"02062","MA","Norwood","Norfolk","14460","14454","1120"
"02065","MA","Ocean Bluff","Plymouth","14460","14454","1120"
"02066","MA","Scituate","Plymouth","14460","14454","1120"
"02067","MA","Sharon","Norfolk","14460","14454","1120"
"02070","MA","Sheldonville","Norfolk","14460","14454","1120"
"02071","MA","South Walpole","Norfolk","14460","14454","1120"
"02072","MA","Stoughton","Norfolk","14460","14454","1120"
"02081","MA","Walpole","Norfolk","14460","14454","1120"
"02090","MA","Westwood","Norfolk","14460","14454","1120"
"02093","MA","Wrentham","Norfolk","14460","14454","1120"
"02108","MA","Boston","Suffolk","14460","14454","1120"
"02109","MA","Boston","Suffolk","14460","14454","1120"
"02110","MA","Boston","Suffolk","14460","14454","1120"
"02111","MA","Boston","Suffolk","14460","14454","1120"
"02112","MA","Boston","Suffolk","14460","14454","1120"
"02113","MA","Boston","Suffolk","14460","14454","1120"
"02114","MA","Boston","Suffolk","14460","14454","1120"
"02115","MA","Boston","Suffolk","14460","14454","1120"
"02116","MA","Boston","Suffolk","14460","14454","1120"
"02117","MA","Boston","Suffolk","14460","14454","1120"
"02118","MA","Boston","Suffolk","14460","14454","1120"
"02119","MA","Roxbury","Suffolk","14460","14454","1120"
"02120","MA","Roxbury Crossing","Suffolk","14460","14454","1120"
"02121","MA","Dorchester","Suffolk","14460","14454","1120"
"02122","MA","Dorchester","Suffolk","14460","14454","1120"
"02123","MA","Boston","Suffolk","14460","14454","1120"
"02124","MA","Dorchester Center","Suffolk","14460","14454","1120"
"02125","MA","Dorchester","Suffolk","14460","14454","1120"
"02126","MA","Mattapan","Suffolk","14460","14454","1120"
"02127","MA","South Boston","Suffolk","14460","14454","1120"
"02128","MA","East Boston","Suffolk","14460","14454","1120"
"02129","MA","Charlestown","Suffolk","14460","14454","1120"
"02130","MA","Jamaica Plain","Suffolk","14460","14454","1120"
"02131","MA","Roslindale","Suffolk","14460","14454","1120"
"02132","MA","West Roxbury","Suffolk","14460","14454","1120"
"02133","MA","Boston","Suffolk","14460","14454","1120"
"02134","MA","Allston","Suffolk","14460","14454","1120"
"02135","MA","Brighton","Suffolk","14460","14454","1120"
"02136","MA","Hyde Park","Suffolk","14460","14454","1120"
"02137","MA","Readville","Suffolk","14460","14454","1120"
"02138","MA","Cambridge","Middlesex","14460","15764","1120"
"02139","MA","Cambridge","Middlesex","14460","15764","1120"
"02140","MA","Cambridge","Middlesex","14460","15764","1120"
"02141","MA","Cambridge","Middlesex","14460","15764","1120"
"02142","MA","Cambridge","Middlesex","14460","15764","1120"
"02143","MA","Somerville","Middlesex","14460","15764","1120"
"02144","MA","Somerville","Middlesex","14460","15764","1120"
"02145","MA","Somerville","Middlesex","14460","15764","1120"
"02148","MA","Malden","Middlesex","14460","15764","1120"
"02149","MA","Everett","Middlesex","14460","15764","1120"
"02150","MA","Chelsea","Suffolk","14460","14454","1120"
"02151","MA","Revere","Suffolk","14460","14454","1120"
"02152","MA","Winthrop","Suffolk","14460","14454","1120"
"02153","MA","Medford","Middlesex","14460","15764","1120"
"02155","MA","Medford","Middlesex","14460","15764","1120"
"02156","MA","West Medford","Middlesex","14460","15764","1120"
"02163","MA","Boston","Suffolk","14460","14454","1120"
"02169","MA","Quincy","Norfolk","14460","14454","1120"
"02170","MA","Quincy","Norfolk","14460","14454","1120"
"02171","MA","Quincy","Norfolk","14460","14454","1120"
"02176","MA","Melrose","Middlesex","14460","15764","1120"
"02180","MA","Stoneham","Middlesex","14460","15764","1120"
"02184","MA","Braintree","Norfolk","14460","14454","1120"
"02185","MA","Braintree","Norfolk","14460","14454","1120"
"02186","MA","Milton","Norfolk","14460","14454","1120"
"02187","MA","Milton Village","Norfolk","14460","14454","1120"
"02188","MA","Weymouth","Norfolk","14460","14454","1120"
"02189","MA","East Weymouth","Norfolk","14460","14454","1120"
"02190","MA","South Weymouth","Norfolk","14460","14454","1120"
"02191","MA","North Weymouth","Norfolk","14460","14454","1120"
"02196","MA","Boston","Suffolk","14460","14454","1120"
"02199","MA","Boston","Suffolk","14460","14454","1120"
"02201","MA","Boston","Suffolk","14460","14454","1120"
"02203","MA","Boston","Suffolk","14460","14454","1120"
"02204","MA","Boston","Suffolk","14460","14454","1120"
"02205","MA","Boston","Suffolk","14460","14454","1120"
"02206","MA","Boston","Suffolk","14460","14454","1120"
"02210","MA","Boston","Suffolk","14460","14454","1120"
"02211","MA","Boston","Suffolk","14460","14454","1120"
"02212","MA","Boston","Suffolk","14460","14454","1120"
"02215","MA","Boston","Suffolk","14460","14454","1120"
"02217","MA","Boston","Suffolk","14460","14454","1120"
"02222","MA","Boston","Suffolk","14460","14454","1120"
"02238","MA","Cambridge","Middlesex","14460","15764","1120"
"02241","MA","Boston","Suffolk","14460","14454","1120"
"02266","MA","Boston","Suffolk","14460","14454","1120"
"02269","MA","Quincy","Norfolk","14460","14454","1120"
"02283","MA","Boston","Suffolk","14460","14454","1120"
"02284","MA","Boston","Suffolk","14460","14454","1120"
"02293","MA","Boston","Suffolk","14460","14454","1120"
"02297","MA","Boston","Suffolk","14460","14454","1120"
"02298","MA","Boston","Suffolk","14460","14454","1120"
"02301","MA","Brockton","Plymouth","14460","14454","1200"
"02302","MA","Brockton","Plymouth","14460","14454","1200"
"02303","MA","Brockton","Plymouth","14460","14454","1200"
"02304","MA","Brockton","Plymouth","14460","14454","1200"
"02305","MA","Brockton","Plymouth","14460","14454","1200"
"02322","MA","Avon","Norfolk","14460","14454","1120"
"02324","MA","Bridgewater","Plymouth","14460","14454","1200"
"02325","MA","Bridgewater","Plymouth","14460","14454","1200"
"02327","MA","Bryantville","Plymouth","14460","14454","1200"
"02330","MA","Carver","Plymouth","14460","14454","1120"
"02331","MA","Duxbury","Plymouth","14460","14454","1120"
"02332","MA","Duxbury","Plymouth","14460","14454","1120"
"02333","MA","East Bridgewater","Plymouth","14460","14454","1200"
"02334","MA","Easton","Bristol","39300","0","1200"
"02337","MA","Elmwood","Plymouth","14460","14454","1200"
"02338","MA","Halifax","Plymouth","14460","14454","1200"
"02339","MA","Hanover","Plymouth","14460","14454","1120"
"02341","MA","Hanson","Plymouth","14460","14454","1200"
"02343","MA","Holbrook","Norfolk","14460","14454","1120"
"02344","MA","Middleboro","Plymouth","14460","14454","1200"
"02345","MA","Manomet","Plymouth","14460","14454","1120"
"02346","MA","Middleboro","Plymouth","14460","14454","1200"
"02347","MA","Lakeville","Plymouth","14460","14454","1200"
"02348","MA","Lakeville","Plymouth","14460","14454","1200"
"02349","MA","Middleboro","Plymouth","14460","14454","1200"
"02350","MA","Monponsett","Plymouth","14460","14454","1200"
"02351","MA","Abington","Plymouth","14460","14454","1200"
"02355","MA","North Carver","Plymouth","14460","14454","1120"
"02356","MA","North Easton","Bristol","39300","0","1200"
"02357","MA","North Easton","Bristol","39300","0","1200"
"02358","MA","North Pembroke","Plymouth","14460","14454","1120"
"02359","MA","Pembroke","Plymouth","14460","14454","1120"
"02360","MA","Plymouth","Plymouth","14460","14454","1120"
"02361","MA","Plymouth","Plymouth","14460","14454","1120"
"02362","MA","Plymouth","Plymouth","14460","14454","1120"
"02364","MA","Kingston","Plymouth","14460","14454","1120"
"02366","MA","South Carver","Plymouth","14460","14454","1120"
"02367","MA","Plympton","Plymouth","14460","14454","1200"
"02368","MA","Randolph","Norfolk","14460","14454","1120"
"02370","MA","Rockland","Plymouth","14460","14454","1120"
"02375","MA","South Easton","Bristol","39300","0","1200"
"02379","MA","West Bridgewater","Plymouth","14460","14454","1200"
"02381","MA","White Horse Beach","Plymouth","14460","14454","1120"
"02382","MA","Whitman","Plymouth","14460","14454","1200"
"02420","MA","Lexington","Middlesex","14460","15764","1120"
"02421","MA","Lexington","Middlesex","14460","15764","1120"
"02445","MA","Brookline","Norfolk","14460","14454","1120"
"02446","MA","Brookline","Norfolk","14460","14454","1120"
"02447","MA","Brookline Village","Norfolk","14460","14454","1120"
"02451","MA","Waltham","Middlesex","14460","15764","1120"
"02452","MA","Waltham","Middlesex","14460","15764","1120"
"02453","MA","Waltham","Middlesex","14460","15764","1120"
"02454","MA","Waltham","Middlesex","14460","15764","1120"
"02455","MA","North Waltham","Middlesex","14460","15764","1120"
"02456","MA","Newton","Middlesex","14460","15764","1120"
"02457","MA","Babson Park","Norfolk","14460","14454","1120"
"02458","MA","Newton","Middlesex","14460","15764","1120"
"02459","MA","Newton Center","Middlesex","14460","15764","1120"
"02460","MA","Newtonville","Middlesex","14460","15764","1120"
"02461","MA","Newton Highlands","Middlesex","14460","15764","1120"
"02462","MA","Newton Lower Falls","Middlesex","14460","15764","1120"
"02464","MA","Newton Upper Falls","Middlesex","14460","15764","1120"
"02465","MA","West Newton","Middlesex","14460","15764","1120"
"02466","MA","Auburndale","Middlesex","14460","15764","1120"
"02467","MA","Chestnut Hill","Middlesex","14460","15764","1120"
"02468","MA","Waban","Middlesex","14460","15764","1120"
"02471","MA","Watertown","Middlesex","14460","15764","1120"
"02472","MA","Watertown","Middlesex","14460","15764","1120"
"02474","MA","Arlington","Middlesex","14460","15764","1120"
"02475","MA","Arlington Heights","Middlesex","14460","15764","1120"
"02476","MA","Arlington","Middlesex","14460","15764","1120"
"02477","MA","Watertown","Middlesex","14460","15764","1120"
"02478","MA","Belmont","Middlesex","14460","15764","1120"
"02479","MA","Waverley","Middlesex","14460","15764","1120"
"02481","MA","Wellesley Hills","Norfolk","14460","14454","1120"
"02482","MA","Wellesley","Norfolk","14460","14454","1120"
"02492","MA","Needham","Norfolk","14460","14454","1120"
"02493","MA","Weston","Middlesex","14460","15764","1120"
"02494","MA","Needham Heights","Norfolk","14460","14454","1120"
"02495","MA","Nonantum","Middlesex","14460","15764","1120"
"02532","MA","Buzzards Bay","Barnstable","12700","0","0740"
"02534","MA","Cataumet","Barnstable","12700","0","0000"
"02535","MA","Chilmark","Dukes","47240","0","0000"
"02536","MA","East Falmouth","Barnstable","12700","0","0740"
"02537","MA","East Sandwich","Barnstable","12700","0","0740"
"02538","MA","East Wareham","Plymouth","14460","14454","1120"
"02539","MA","Edgartown","Dukes","47240","0","0000"
"02540","MA","Falmouth","Barnstable","12700","0","0740"
"02541","MA","Falmouth","Barnstable","12700","0","0740"
"02542","MA","Buzzards Bay","Barnstable","12700","0","0740"
"02543","MA","Woods Hole","Barnstable","12700","0","0740"
"02552","MA","Menemsha","Dukes","47240","0","0000"
"02553","MA","Monument Beach","Barnstable","12700","0","0740"
"02554","MA","Nantucket","Nantucket","0","0","0000"
"02556","MA","North Falmouth","Barnstable","12700","0","0740"
"02557","MA","Oak Bluffs","Dukes","47240","0","0000"
"02558","MA","Onset","Plymouth","14460","14454","1120"
"02559","MA","Pocasset","Barnstable","12700","0","0740"
"02561","MA","Sagamore","Barnstable","12700","0","0740"
"02562","MA","Sagamore Beach","Barnstable","12700","0","0000"
"02563","MA","Sandwich","Barnstable","12700","0","0740"
"02564","MA","Siasconset","Nantucket","0","0","0000"
"02568","MA","Vineyard Haven","Dukes","47240","0","0000"
"02571","MA","Wareham","Plymouth","14460","14454","1120"
"02574","MA","West Falmouth","Barnstable","12700","0","0000"
"02575","MA","West Tisbury","Dukes","47240","0","0000"
"02576","MA","West Wareham","Plymouth","14460","14454","1120"
"02584","MA","Nantucket","Nantucket","0","0","0000"
"02601","MA","Hyannis","Barnstable","12700","0","0740"
"02630","MA","Barnstable","Barnstable","12700","0","0740"
"02631","MA","Brewster","Barnstable","12700","0","0740"
"02632","MA","Centerville","Barnstable","12700","0","0740"
"02633","MA","Chatham","Barnstable","12700","0","0740"
"02634","MA","Centerville","Barnstable","12700","0","0740"
"02635","MA","Cotuit","Barnstable","12700","0","0740"
"02637","MA","Cummaquid","Barnstable","12700","0","0740"
"02638","MA","Dennis","Barnstable","12700","0","0740"
"02639","MA","Dennis Port","Barnstable","12700","0","0740"
"02641","MA","East Dennis","Barnstable","12700","0","0740"
"02642","MA","Eastham","Barnstable","12700","0","0740"
"02643","MA","East Orleans","Barnstable","12700","0","0740"
"02644","MA","Forestdale","Barnstable","12700","0","0740"
"02645","MA","Harwich","Barnstable","12700","0","0740"
"02646","MA","Harwich Port","Barnstable","12700","0","0740"
"02647","MA","Hyannis Port","Barnstable","12700","0","0740"
"02648","MA","Marstons Mills","Barnstable","12700","0","0740"
"02649","MA","Mashpee","Barnstable","12700","0","0740"
"02650","MA","North Chatham","Barnstable","12700","0","0740"
"02651","MA","North Eastham","Barnstable","12700","0","0740"
"02652","MA","North Truro","Barnstable","12700","0","0000"
"02653","MA","Orleans","Barnstable","12700","0","0740"
"02655","MA","Osterville","Barnstable","12700","0","0740"
"02657","MA","Provincetown","Barnstable","12700","0","0740"
"02659","MA","South Chatham","Barnstable","12700","0","0740"
"02660","MA","South Dennis","Barnstable","12700","0","0740"
"02661","MA","South Harwich","Barnstable","12700","0","0740"
"02662","MA","South Orleans","Barnstable","12700","0","0740"
"02663","MA","South Wellfleet","Barnstable","12700","0","0000"
"02664","MA","South Yarmouth","Barnstable","12700","0","0740"
"02666","MA","Truro","Barnstable","12700","0","0000"
"02667","MA","Wellfleet","Barnstable","12700","0","0740"
"02668","MA","West Barnstable","Barnstable","12700","0","0740"
"02669","MA","West Chatham","Barnstable","12700","0","0740"
"02670","MA","West Dennis","Barnstable","12700","0","0740"
"02671","MA","West Harwich","Barnstable","12700","0","0740"
"02672","MA","West Hyannisport","Barnstable","12700","0","0740"
"02673","MA","West Yarmouth","Barnstable","12700","0","0740"
"02675","MA","Yarmouth Port","Barnstable","12700","0","0740"
"02702","MA","Assonet","Bristol","39300","0","5400"
"02703","MA","Attleboro","Bristol","39300","0","6480"
"02712","MA","Chartley","Bristol","39300","0","1120"
"02713","MA","Cuttyhunk","Dukes","47240","0","0000"
"02714","MA","Dartmouth","Bristol","39300","0","5400"
"02715","MA","Dighton","Bristol","39300","0","1120"
"02717","MA","East Freetown","Bristol","39300","0","5400"
"02718","MA","East Taunton","Bristol","39300","0","1120"
"02719","MA","Fairhaven","Bristol","39300","0","5400"
"02720","MA","Fall River","Bristol","39300","0","6480"
"02721","MA","Fall River","Bristol","39300","0","6480"
"02722","MA","Fall River","Bristol","39300","0","6480"
"02723","MA","Fall River","Bristol","39300","0","6480"
"02724","MA","Fall River","Bristol","39300","0","6480"
"02725","MA","Somerset","Bristol","39300","0","6480"
"02726","MA","Somerset","Bristol","39300","0","6480"
"02738","MA","Marion","Plymouth","14460","14454","5400"
"02739","MA","Mattapoisett","Plymouth","14460","14454","5400"
"02740","MA","New Bedford","Bristol","39300","0","5400"
"02741","MA","New Bedford","Bristol","39300","0","5400"
"02742","MA","New Bedford","Bristol","39300","0","5400"
"02743","MA","Acushnet","Bristol","39300","0","5400"
"02744","MA","New Bedford","Bristol","39300","0","5400"
"02745","MA","New Bedford","Bristol","39300","0","5400"
"02746","MA","New Bedford","Bristol","39300","0","5400"
"02747","MA","North Dartmouth","Bristol","39300","0","5400"
"02748","MA","South Dartmouth","Bristol","39300","0","5400"
"02760","MA","North Attleboro","Bristol","39300","0","6480"
"02761","MA","North Attleboro","Bristol","39300","0","6480"
"02762","MA","Plainville","Norfolk","14460","14454","1120"
"02763","MA","Attleboro Falls","Bristol","39300","0","6480"
"02764","MA","North Dighton","Bristol","39300","0","1120"
"02766","MA","Norton","Bristol","39300","0","1120"
"02767","MA","Raynham","Bristol","39300","0","1200"
"02768","MA","Raynham Center","Bristol","39300","0","1200"
"02769","MA","Rehoboth","Bristol","39300","0","6480"
"02770","MA","Rochester","Plymouth","14460","14454","5400"
"02771","MA","Seekonk","Bristol","39300","0","6480"
"02777","MA","Swansea","Bristol","39300","0","6480"
"02779","MA","Berkley","Bristol","39300","0","1120"
"02780","MA","Taunton","Bristol","39300","0","1120"
"02790","MA","Westport","Bristol","39300","0","6480"
"02791","MA","Westport Point","Bristol","39300","0","6480"
"02801","RI","Adamsville","Newport","39300","0","6480"
"02802","RI","Albion","Providence","39300","0","6480"
"02804","RI","Ashaway","Washington","39300","0","5520"
"02806","RI","Barrington","Bristol","39300","0","6480"
"02807","RI","Block Island","Washington","39300","0","0000"
"02808","RI","Bradford","Washington","39300","0","5520"
"02809","RI","Bristol","Bristol","39300","0","6480"
"02812","RI","Carolina","Washington","39300","0","6480"
"02813","RI","Charlestown","Washington","39300","0","6480"
"02814","RI","Chepachet","Providence","39300","0","6480"
"02815","RI","Clayville","Providence","39300","0","6480"
"02816","RI","Coventry","Kent","39300","0","6480"
"02817","RI","West Greenwich","Kent","39300","0","6480"
"02818","RI","East Greenwich","Kent","39300","0","6480"
"02822","RI","Exeter","Washington","39300","0","6480"
"02823","RI","Fiskeville","Providence","39300","0","6480"
"02824","RI","Forestdale","Providence","39300","0","6480"
"02825","RI","Foster","Providence","39300","0","6480"
"02826","RI","Glendale","Providence","39300","0","6480"
"02827","RI","Greene","Kent","39300","0","6480"
"02828","RI","Greenville","Providence","39300","0","6480"
"02829","RI","Harmony","Providence","39300","0","6480"
"02830","RI","Harrisville","Providence","39300","0","6480"
"02831","RI","Hope","Providence","39300","0","6480"
"02832","RI","Hope Valley","Washington","39300","0","5520"
"02833","RI","Hopkinton","Washington","39300","0","5520"
"02835","RI","Jamestown","Newport","39300","0","6480"
"02836","RI","Kenyon","Washington","39300","0","6480"
"02837","RI","Little Compton","Newport","39300","0","6480"
"02838","RI","Manville","Providence","39300","0","6480"
"02839","RI","Mapleville","Providence","39300","0","6480"
"02840","RI","Newport","Newport","39300","0","6480"
"02841","RI","Newport","Newport","39300","0","6480"
"02842","RI","Middletown","Newport","39300","0","6480"
"02852","RI","North Kingstown","Washington","39300","0","6480"
"02857","RI","North Scituate","Providence","39300","0","6480"
"02858","RI","Oakland","Providence","39300","0","6480"
"02859","RI","Pascoag","Providence","39300","0","6480"
"02860","RI","Pawtucket","Providence","39300","0","6480"
"02861","RI","Pawtucket","Providence","39300","0","6480"
"02862","RI","Pawtucket","Providence","39300","0","6480"
"02863","RI","Central Falls","Providence","39300","0","6480"
"02864","RI","Cumberland","Providence","39300","0","6480"
"02865","RI","Lincoln","Providence","39300","0","6480"
"02871","RI","Portsmouth","Newport","39300","0","6480"
"02872","RI","Prudence Island","Newport","39300","0","0000"
"02873","RI","Rockville","Washington","39300","0","5520"
"02874","RI","Saunderstown","Washington","39300","0","6480"
"02875","RI","Shannock","Washington","39300","0","6480"
"02876","RI","Slatersville","Providence","39300","0","6480"
"02877","RI","Slocum","Washington","39300","0","6480"
"02878","RI","Tiverton","Newport","39300","0","6480"
"02879","RI","Wakefield","Washington","39300","0","6480"
"02880","RI","Wakefield","Washington","39300","0","6480"
"02881","RI","Kingston","Washington","39300","0","6480"
"02882","RI","Narragansett","Washington","39300","0","6480"
"02883","RI","Peace Dale","Washington","39300","0","6480"
"02885","RI","Warren","Bristol","39300","0","6480"
"02886","RI","Warwick","Kent","39300","0","6480"
"02887","RI","Warwick","Kent","39300","0","6480"
"02888","RI","Warwick","Kent","39300","0","6480"
"02889","RI","Warwick","Kent","39300","0","6480"
"02891","RI","Westerly","Washington","39300","0","5520"
"02892","RI","West Kingston","Washington","39300","0","6480"
"02893","RI","West Warwick","Kent","39300","0","6480"
"02894","RI","Wood River Junction","Washington","39300","0","6480"
"02895","RI","Woonsocket","Providence","39300","0","6480"
"02896","RI","North Smithfield","Providence","39300","0","6480"
"02898","RI","Wyoming","Washington","39300","0","6480"
"02901","RI","Providence","Providence","39300","0","6480"
"02902","RI","Providence","Providence","39300","0","6480"
"02903","RI","Providence","Providence","39300","0","6480"
"02904","RI","Providence","Providence","39300","0","6480"
"02905","RI","Providence","Providence","39300","0","6480"
"02906","RI","Providence","Providence","39300","0","6480"
"02907","RI","Providence","Providence","39300","0","6480"
"02908","RI","Providence","Providence","39300","0","6480"
"02909","RI","Providence","Providence","39300","0","6480"
"02910","RI","Cranston","Providence","39300","0","6480"
"02911","RI","North Providence","Providence","39300","0","6480"
"02912","RI","Providence","Providence","39300","0","6480"
"02914","RI","East Providence","Providence","39300","0","6480"
"02915","RI","Riverside","Providence","39300","0","6480"
"02916","RI","Rumford","Providence","39300","0","6480"
"02917","RI","Smithfield","Providence","39300","0","6480"
"02918","RI","Providence","Providence","39300","0","6480"
"02919","RI","Johnston","Providence","39300","0","6480"
"02920","RI","Cranston","Providence","39300","0","6480"
"02921","RI","Cranston","Providence","39300","0","6480"
"02940","RI","Providence","Providence","39300","0","6480"
"03031","NH","Amherst","Hillsborough","31700","0","5350"
"03032","NH","Auburn","Rockingham","14460","40484","4760"
"03033","NH","Brookline","Hillsborough","31700","0","5350"
"03034","NH","Candia","Rockingham","14460","40484","4760"
"03036","NH","Chester","Rockingham","14460","40484","4160"
"03037","NH","Deerfield","Rockingham","14460","40484","0000"
"03038","NH","Derry","Rockingham","14460","40484","4160"
"03040","NH","East Candia","Rockingham","14460","40484","4760"
"03041","NH","East Derry","Rockingham","14460","40484","4160"
"03042","NH","Epping","Rockingham","14460","40484","6450"
"03043","NH","Francestown","Hillsborough","31700","0","0000"
"03044","NH","Fremont","Rockingham","14460","40484","4160"
"03045","NH","Goffstown","Hillsborough","31700","0","4760"
"03046","NH","Dunbarton","Merrimack","18180","0","0000"
"03047","NH","Greenfield","Hillsborough","31700","0","0000"
"03048","NH","Greenville","Hillsborough","31700","0","5350"
"03049","NH","Hollis","Hillsborough","31700","0","5350"
"03051","NH","Hudson","Hillsborough","31700","0","5350"
"03052","NH","Litchfield","Hillsborough","31700","0","5350"
"03053","NH","Londonderry","Rockingham","14460","40484","4760"
"03054","NH","Merrimack","Hillsborough","31700","0","5350"
"03055","NH","Milford","Hillsborough","31700","0","5350"
"03057","NH","Mont Vernon","Hillsborough","31700","0","5350"
"03060","NH","Nashua","Hillsborough","31700","0","5350"
"03061","NH","Nashua","Hillsborough","31700","0","5350"
"03062","NH","Nashua","Hillsborough","31700","0","5350"
"03063","NH","Nashua","Hillsborough","31700","0","5350"
"03064","NH","Nashua","Hillsborough","31700","0","5350"
"03070","NH","New Boston","Hillsborough","31700","0","0000"
"03071","NH","New Ipswich","Hillsborough","31700","0","5350"
"03073","NH","North Salem","Rockingham","14460","40484","4160"
"03076","NH","Pelham","Hillsborough","31700","0","4560"
"03077","NH","Raymond","Rockingham","14460","40484","4160"
"03079","NH","Salem","Rockingham","14460","40484","4160"
"03082","NH","Lyndeborough","Hillsborough","31700","0","0000"
"03084","NH","Temple","Hillsborough","31700","0","5350"
"03086","NH","Wilton","Hillsborough","31700","0","5350"
"03087","NH","Windham","Rockingham","14460","40484","4160"
"03101","NH","Manchester","Hillsborough","31700","0","4760"
"03102","NH","Manchester","Hillsborough","31700","0","4760"
"03103","NH","Manchester","Hillsborough","31700","0","4760"
"03104","NH","Manchester","Hillsborough","31700","0","4760"
"03105","NH","Manchester","Hillsborough","31700","0","4760"
"03106","NH","Hooksett","Merrimack","18180","0","4760"
"03108","NH","Manchester","Hillsborough","31700","0","4760"
"03109","NH","Manchester","Hillsborough","31700","0","4760"
"03110","NH","Bedford","Hillsborough","31700","0","4760"
"03111","NH","Manchester","Hillsborough","31700","0","4760"
"03215","NH","Waterville Valley","Grafton","30100","0","0000"
"03216","NH","Andover","Merrimack","18180","0","4760"
"03217","NH","Ashland","Grafton","30100","0","0000"
"03218","NH","Barnstead","Belknap","29060","0","0000"
